,tweet_id,retweet_count,favorite_count
0,666020888022790144,498,2529
1,666029285002620928,46,125
2,666033412701032448,43,123
3,666044226329800704,136,292
4,666049248165822464,42,106
5,666050758794694656,57,130
6,666051853826850816,831,1195
7,666055525042405376,235,428
8,666057090499244032,138,289
9,666058600524156928,57,109
10,666063827256086528,213,465
11,666071193221509120,58,142
12,666073100786774016,159,315
13,666082916733198336,44,113
14,666094000022159360,72,161
15,666099513787052032,66,151
16,666102155909144576,11,78
17,666104133288665088,6389,14030
18,666268910803644416,35,100
19,666273097616637952,76,170
20,666287406224695296,63,143
21,666293911632134144,344,490
22,666337882303524864,90,191
23,666345417576210432,132,286
24,666353288456101888,71,215
25,666362758909284352,560,759
26,666373753744588800,89,182
27,666396247373291520,83,160
28,666407126856765440,40,106
29,666411507551481856,322,434
30,666418789513326592,45,122
31,666421158376562688,111,312
32,666428276349472768,82,163
33,666430724426358784,195,310
34,666435652385423360,53,162
35,666437273139982336,47,122
36,666447344410484736,20,102
37,666454714377183232,208,514
38,666644823164719104,80,228
39,666649482315059200,620,1113
40,666691418707132416,47,185
41,666701168228331520,219,424
42,666739327293083648,66,233
43,666776908487630848,174,347
44,666781792255496192,192,383
45,666786068205871104,484,755
46,666804364988780544,92,239
47,666817836334096384,249,515
48,666826780179869696,97,252
49,666835007768551424,80,213
50,666837028449972224,553,812
51,666983947667116032,982,2540
52,666996132027977728,94,243
53,667012601033924608,224,442
54,667044094246576128,51,182
55,667062181243039744,54,215
56,667065535570550784,46,166
57,667070482143944704,14,81
58,667073648344346624,121,402
59,667090893657276416,126,331
60,667119796878725120,127,328
61,667138269671505920,2212,4596
62,667152164079423488,17153,47706
63,667160273090932736,62,256
64,667165590075940864,1143,2685
65,667171260800061440,91,221
66,667174963120574464,84,243
67,667176164155375616,464,610
68,667177989038297088,55,190
69,667182792070062080,6233,14340
70,667188689915760640,418,742
71,667192066997374976,108,384
72,667200525029539840,260,612
73,667211855547486208,242,491
74,667369227918143488,164,365
75,667393430834667520,56,194
76,667405339315146752,220,465
77,667435689202614272,84,303
78,667437278097252352,239,448
79,667443425659232256,583,780
80,667453023279554560,91,312
81,667455448082227200,60,191
82,667470559035432960,100,257
83,667491009379606528,230,533
84,667495797102141440,272,521
85,667502640335572992,221,535
86,667509364010450944,2149,6801
87,667517642048163840,193,367
88,667524857454854144,1118,1705
89,667530908589760512,242,469
90,667534815156183040,545,821
91,667538891197542400,65,204
92,667544320556335104,531,867
93,667546741521195008,126,334
94,667549055577362432,2310,5817
95,667550882905632768,33,0
96,667550904950915072,35,0
97,667724302356258816,323,482
98,667728196545200128,152,378
99,667766675769573376,220,442
100,667773195014021120,57,236
101,667782464991965184,246,408
102,667793409583771648,335,700
103,667801013445750784,97,328
104,667806454573760512,502,1059
105,667832474953625600,63,291
106,667861340749471744,78,244
107,667866724293877760,1047,3013
108,667873844930215936,414,629
109,667878741721415680,122,395
110,667885044254572544,496,823
111,667886921285246976,1111,1896
112,667902449697558528,381,856
113,667911425562669056,308,495
114,667915453470232576,57,210
115,667924896115245056,113,303
116,667937095915278336,802,1273
117,668113020489474048,247,671
118,668142349051129856,289,571
119,668154635664932864,322,501
120,668171859951755264,199,497
121,668190681446379520,199,659
122,668204964695683072,198,555
123,668221241640230912,200,513
124,668226093875376128,105,301
125,668237644992782336,2900,6262
126,668248472370458624,499,1002
127,668256321989451776,629,1315
128,668268907921326080,243,559
129,668274247790391296,235,831
130,668286279830867968,140,507
131,668291999406125056,32,248
132,668297328638447616,302,625
133,668466899341221888,526,891
134,668480044826800128,152,464
135,668484198282485760,240,433
136,668496999348633600,135,417
137,668507509523615744,110,329
138,668528771708952576,232,465
139,668537837512433664,77,255
140,668542336805281792,220,465
141,668544745690562560,232,520
142,668567822092664832,57,246
143,668587383441514496,1097,1687
144,668614819948453888,321,619
145,668620235289837568,43,205
146,668623201287675904,788,1441
147,668625577880875008,138,392
148,668627278264475648,118,321
149,668631377374486528,325,725
150,668633411083464704,1682,2836
151,668636665813057536,498,1052
152,668641109086707712,549,1087
153,668643542311546880,541,890
154,668645506898350080,542,899
155,668655139528511488,222,540
156,668779399630725120,378,710
157,668815180734689280,278,579
158,668826086256599040,141,439
159,668852170888998912,171,458
160,668872652652679168,307,534
161,668892474547511296,154,397
162,668902994700836864,102,320
163,668932921458302976,59,269
164,668955713004314624,73,283
165,668960084974809088,244,710
166,668967877119254528,25,147
167,668975677807423488,593,1314
168,668979806671884288,355,803
169,668981893510119424,316,544
170,668986018524233728,172,561
171,668988183816871936,481,904
172,668989615043424256,335,687
173,668992363537309696,355,749
174,668994913074286592,236,445
175,669000397445533696,6490,21095
176,669006782128353280,256,585
177,669015743032369152,381,748
178,669037058363662336,320,661
179,669203728096960512,489,1014
180,669214165781868544,170,444
181,669216679721873408,412,1203
182,669324657376567296,213,503
183,669327207240699904,119,582
184,669328503091937280,424,1025
185,669351434509529088,192,442
186,669353438988365824,266,651
187,669354382627049472,1296,2737
188,669359674819481600,127,372
189,669363888236994560,233,629
190,669367896104181760,161,471
191,669371483794317312,184,502
192,669375718304980992,747,1348
193,669393256313184256,78,371
194,669564461267722240,127,390
195,669567591774625792,56,238
196,669571471778410496,1039,1606
197,669573570759163904,143,441
198,669583744538451968,942,1506
199,669597912108789760,152,517
200,669603084620980224,368,954
201,669625907762618368,1849,3563
202,669661792646373376,449,810
203,669680153564442624,295,675
204,669682095984410624,136,354
205,669683899023405056,112,391
206,669684865554620416,91,525
207,669749430875258880,66,270
208,669753178989142016,409,824
209,669923323644657664,58,237
210,669926384437997568,106,379
211,669942763794931712,168,511
212,669970042633789440,62,306
213,669972011175813120,165,450
214,669993076832759808,86,328
215,670003130994700288,95,336
216,670037189829525504,285,593
217,670040295598354432,115,764
218,670046952931721216,181,651
219,670055038660800512,338,678
220,670061506722140160,349,775
221,670069087419133952,248,635
222,670073503555706880,807,1589
223,670079681849372672,1266,2243
224,670086499208155136,259,705
225,670093938074779648,342,1038
226,670290420111441920,293,712
227,670303360680108032,139,432
228,670319130621435904,1245,3899
229,670338931251150848,113,427
230,670361874861563904,69,330
231,670374371102445568,275,753
232,670385711116361728,217,566
233,670403879788544000,161,438
234,670408998013820928,229,561
235,670411370698022912,919,2042
236,670417414769758208,324,575
237,670420569653809152,322,633
238,670421925039075328,646,1323
239,670427002554466304,167,525
240,670428280563085312,641,1398
241,670433248821026816,114,331
242,670434127938719744,660,1417
243,670435821946826752,527,1065
244,670442337873600512,202,647
245,670444955656130560,2025,6793
246,670449342516494336,680,1204
247,670452855871037440,212,554
248,670465786746662912,564,979
249,670468609693655040,86,354
250,670474236058800128,776,1537
251,670668383499735040,5145,10818
252,670676092097810432,44,251
253,670679630144274432,290,757
254,670691627984359424,249,596
255,670704688707301376,379,774
256,670717338665226240,505,1220
257,670727704916926464,367,834
258,670733412878163968,524,975
259,670755717859713024,114,446
260,670764103623966720,432,1084
261,670778058496974848,74,330
262,670780561024270336,296,793
263,670782429121134592,788,1583
264,670783437142401024,404,829
265,670786190031921152,205,608
266,670789397210615808,246,669
267,670792680469889024,285,837
268,670797304698376192,242,743
269,670803562457407488,88,346
270,670804601705242624,979,1989
271,670807719151067136,500,1170
272,670811965569282048,275,1142
273,670815497391357952,1572,3203
274,670822709593571328,99,620
275,670823764196741120,197,785
276,670826280409919488,4145,5614
277,670832455012716544,224,741
278,670833812859932672,128,454
279,670838202509447168,711,1127
280,670840546554966016,198,599
281,670842764863651840,8916,24842
282,670995969505435648,299,1117
283,671109016219725824,449,1160
284,671115716440031232,792,1378
285,671122204919246848,2578,3529
286,671134062904504320,199,759
287,671138694582165504,413,936
288,671141549288370176,669,1175
289,671147085991960576,230,683
290,671151324042559488,158,677
291,671154572044468224,225,723
292,671159727754231808,84,379
293,671163268581498880,1133,1676
294,671166507850801152,360,886
295,671182547775299584,352,1135
296,671186162933985280,218,744
297,671347597085433856,439,965
298,671355857343524864,116,486
299,671357843010908160,150,403
300,671362598324076544,299,1122
301,671390180817915904,748,1435
302,671485057807351808,236,765
303,671486386088865792,209,583
304,671488513339211776,479,1020
305,671497587707535360,454,926
306,671504605491109888,3619,7095
307,671511350426865664,740,1626
308,671518598289059840,298,963
309,671520732782923776,537,1416
310,671528761649688576,265,851
311,671533943490011136,591,1031
312,671536543010570240,420,1187
313,671538301157904384,404,935
314,671542985629241344,575,1102
315,671544874165002240,1069,1998
316,671547767500775424,609,1363
317,671550332464455680,211,926
318,671561002136281088,7388,12951
319,671729906628341760,4445,8583
320,671735591348891648,774,1468
321,671743150407421952,236,747
322,671744970634719232,789,1358
323,671763349865160704,946,1705
324,671768281401958400,538,1203
325,671789708968640512,3569,7126
326,671855973984772096,455,916
327,671866342182637568,511,1132
328,671874878652489728,570,1259
329,671879137494245376,699,1440
330,671882082306625536,1406,3502
331,671891728106971136,585,1343
332,671896809300709376,4250,8559
333,672068090318987264,526,1301
334,672082170312290304,374,949
335,672095186491711488,374,1008
336,672125275208069120,1166,2431
337,672139350159835136,730,1765
338,672160042234327040,365,883
339,672169685991993344,376,1031
340,672205392827572224,1180,2288
341,672222792075620352,215,793
342,672231046314901504,1039,1855
343,672239279297454080,329,905
344,672245253877968896,162,696
345,672248013293752320,625,1737
346,672254177670729728,759,1448
347,672256522047614976,1591,2841
348,672264251789176832,346,1155
349,672267570918129664,629,1520
350,672272411274932224,3472,6523
351,672466075045466112,552,1368
352,672475084225949696,716,1446
353,672481316919734272,128,724
354,672482722825261056,617,1149
355,672488522314567680,447,1124
356,672523490734551040,175,649
357,672538107540070400,375,1040
358,672591271085670400,188,738
359,672591762242805760,342,959
360,672594978741354496,621,1341
361,672604026190569472,405,1122
362,672609152938721280,399,1127
363,672614745925664768,599,1232
364,672622327801233408,506,1311
365,672640509974827008,329,983
366,672828477930868736,504,1267
367,672834301050937344,583,1328
368,672877615439593472,379,1045
369,672884426393653248,851,1571
370,672898206762672128,432,912
371,672902681409806336,516,1382
372,672964561327235072,654,1433
373,672968025906282496,558,1331
374,672970152493887488,365,956
375,672975131468300288,936,1706
376,672980819271634944,1028,1840
377,672984142909456384,557,1265
378,672988786805112832,301,993
379,672995267319328768,307,969
380,672997845381865472,737,1991
381,673148804208660480,648,1712
382,673213039743795200,867,2281
383,673240798075449344,750,1436
384,673270968295534592,377,1077
385,673295268553605120,3249,7616
386,673317986296586240,266,880
387,673320132811366400,8165,13660
388,673342308415348736,602,1293
389,673343217010679808,278,985
390,673345638550134784,1315,2554
391,673350198937153536,218,754
392,673352124999274496,549,1674
393,673355879178194944,596,1511
394,673359818736984064,687,1477
395,673363615379013632,312,1038
396,673576835670777856,574,1400
397,673580926094458880,274,844
398,673583129559498752,377,1209
399,673612854080196608,740,1611
400,673636718965334016,370,1125
401,673656262056419328,248,725
402,673662677122719744,370,1271
403,673680198160809984,481,1387
404,673686845050527744,450,1458
405,673688752737402880,505,1280
406,673689733134946304,667,1760
407,673697980713705472,2011,3859
408,673700254269775872,590,1458
409,673705679337693184,411,1273
410,673707060090052608,403,1110
411,673708611235921920,299,1094
412,673709992831262720,283,860
413,673711475735838720,304,1051
414,673715861853720576,2150,3590
415,673716320723169280,782,3118
416,673887867907739648,257,942
417,673906403526995968,1662,3234
418,673919437611909120,378,1186
419,673956914389192704,996,1978
420,674008982932058112,366,1214
421,674014384960745472,666,1583
422,674019345211760640,309,1152
423,674024893172875264,1266,1810
424,674036086168010752,219,860
425,674038233588723712,425,1122
426,674042553264685056,132,735
427,674045139690631168,658,1439
428,674051556661161984,499,1466
429,674053186244734976,1339,3380
430,674063288070742016,2282,6470
431,674075285688614912,298,996
432,674082852460433408,176,766
433,674255168825880576,574,1491
434,674262580978937856,468,1327
435,674265582246694912,877,1668
436,674269164442398720,232,916
437,674271431610523648,752,1594
438,674291837063053312,6093,14996
439,674307341513269248,7187,11526
440,674318007229923328,530,1441
441,674330906434379776,76,572
442,674372068062928896,322,861
443,674394782723014656,592,1527
444,674410619106390016,482,1221
445,674416750885273600,145,694
446,674422304705744896,554,1461
447,674436901579923456,407,1134
448,674447403907457024,367,1087
449,674468880899788800,2131,6337
450,674606911342424064,102,957
451,674632714662858752,598,1530
452,674638615994089472,600,1714
453,674644256330530816,277,1047
454,674646392044941312,516,1462
455,674664755118911488,263,944
456,674670581682434048,676,1642
457,674690135443775488,484,1172
458,674737130913071104,96,660
459,674739953134403584,409,1133
460,674742531037511680,53,500
461,674743008475090944,574,1433
462,674752233200820224,483,1484
463,674754018082705408,466,1385
464,674764817387900928,247,797
465,674767892831932416,819,1861
466,674774481756377088,494,1147
467,674781762103414784,1249,2038
468,674788554665512960,218,826
469,674790488185167872,260,1128
470,674793399141146624,1132,2553
471,674800520222154752,891,3067
472,674805413498527744,368,878
473,674999807681908736,1142,2287
474,675003128568291328,490,1589
475,675006312288268288,236,1005
476,675015141583413248,1247,2771
477,675047298674663424,342,1085
478,675109292475830272,1180,2856
479,675111688094527488,263,983
480,675113801096802304,813,1993
481,675135153782571008,512,1325
482,675145476954566656,940,2185
483,675146535592706048,326,1220
484,675147105808306176,250,964
485,675149409102012416,1752,3825
486,675153376133427200,2716,6422
487,675166823650848768,1673,3693
488,675334060156301312,1346,2844
489,675349384339542016,2349,3999
490,675354435921575936,17905,33595
491,675362609739206656,237,1072
492,675372240448454656,529,1733
493,675432746517426176,593,1563
494,675483430902214656,1014,1889
495,675489971617296384,622,1335
496,675497103322386432,1351,3212
497,675501075957489664,6048,17543
498,675517828909424640,476,1329
499,675522403582218240,298,1069
500,675531475945709568,402,1213
501,675534494439489536,435,1866
502,675706639471788032,102,662
503,675707330206547968,727,2029
504,675710890956750848,860,1937
505,675740360753160192,363,1199
506,675781562965868544,495,1661
507,675798442703122432,3534,10505
508,675820929667219456,240,1079
509,675822767435051008,558,1562
510,675845657354215424,929,2343
511,675849018447167488,155,968
512,675853064436391936,1356,2760
513,675870721063669760,599,1683
514,675878199931371520,1459,4282
515,675888385639251968,1004,2438
516,675891555769696256,906,2188
517,675898130735476736,597,1672
518,676089483918516224,451,1352
519,676098748976615424,1505,3092
520,676101918813499392,1211,2894
521,676121918416756736,1212,2214
522,676146341966438400,697,1977
523,676191832485810176,1077,2343
524,676215927814406144,611,1785
525,676219687039057920,32420,77010
526,676237365392908288,306,1260
527,676263575653122048,578,2136
528,676430933382295552,361,1435
529,676440007570247680,695,1768
530,676470639084101632,4894,11938
531,676496375194980352,560,1563
532,676533798876651520,583,1935
533,676575501977128960,1173,2675
534,676582956622721024,291,1238
535,676588346097852416,837,2397
536,676590572941893632,133,944
537,676593408224403456,2265,4716
538,676603393314578432,404,1201
539,676606785097199616,459,1935
540,676613908052996096,206,1119
541,676617503762681856,1031,2986
542,676776431406465024,2104,5157
543,676811746707918848,444,1454
544,676819651066732544,698,1858
545,676821958043033600,16397,23787
546,676864501615042560,745,2163
547,676897532954456064,761,2327
548,676916996760600576,1888,3058
549,676936541936185344,5159,13115
550,676942428000112640,797,2136
551,676946864479084544,396,1763
552,676948236477857792,917,2243
553,676949632774234112,419,1344
554,676957860086095872,848,2287
555,676975532580409344,1129,2866
556,677187300187611136,972,2816
557,677228873407442944,1721,3655
558,677269281705472000,742,2064
559,677301033169788928,433,1278
560,677314812125323264,564,1693
561,677328882937298944,1577,3750
562,677331501395156992,246,1130
563,677334615166730240,307,1402
564,677335745548390400,1882,3139
565,677530072887205888,239,1112
566,677547928504967168,3841,7164
567,677557565589463040,1224,2519
568,677565715327688704,483,1337
569,677573743309385728,763,2214
570,677644091929329664,840,1928
571,677662372920729600,1025,2018
572,677673981332312064,1579,3457
573,677687604918272000,892,2564
574,677698403548192768,336,1270
575,677700003327029248,1526,3510
576,677716515794329600,1017,3161
577,677895101218201600,2221,5007
578,677918531514703872,432,1399
579,677961670166224896,1779,3541
580,678021115718029312,6741,14250
581,678023323247357952,405,1999
582,678255464182861824,394,1640
583,678278586130948096,6420,11872
584,678334497360859136,274,1349
585,678341075375947776,567,1792
586,678380236862578688,962,2528
587,678389028614488064,442,1937
588,678396796259975168,443,1645
589,678399652199309312,33597,82069
590,678410210315247616,1928,4394
591,678424312106393600,2684,5610
592,678446151570427904,1659,4146
593,678643457146150912,448,2128
594,678675843183484928,1567,2981
595,678708137298427904,2567,5775
596,678740035362037760,1799,3904
597,678755239630127104,3502,7405
598,678764513869611008,504,1702
599,678767140346941440,1449,3672
600,678774928607469568,971,2908
601,678798276842360832,1256,3609
602,678800283649069056,956,2676
603,678969228704284672,488,1704
604,678991772295516160,1250,2413
605,679001094530465792,1310,2938
606,679047485189439488,719,2339
607,679062614270468096,8699,17722
608,679111216690831360,2710,6188
609,679132435750195200,1229,3080
610,679148763231985664,1093,2878
611,679158373988876288,8586,22304
612,679405845277462528,1273,2473
613,679462823135686656,19975,33016
614,679475951516934144,678,2178
615,679503373272485888,1562,3272
616,679511351870550016,1346,3509
617,679527802031484928,766,2754
618,679530280114372608,2202,4957
619,679722016581222400,497,1726
620,679729593985699840,869,2254
621,679736210798047232,842,2172
622,679777920601223168,1184,3209
623,679828447187857408,14907,37737
624,679844490799091712,810,2470
625,679854723806179328,1307,2980
626,679862121895714816,661,2554
627,679872969355714560,705,2269
628,679877062409191424,685,2053
629,680070545539371008,932,2686
630,680085611152338944,9492,13327
631,680100725817409536,1451,3722
632,680115823365742592,964,2824
633,680130881361686528,1012,2381
634,680145970311643136,1860,3769
635,680161097740095488,781,2421
636,680176173301628928,1664,4063
637,680191257256136704,534,2232
638,680206703334408192,1251,2961
639,680221482581123072,305,1516
640,680440374763077632,535,1513
641,680473011644985344,792,2656
642,680494726643068928,510,1791
643,680497766108381184,2025,4409
644,680583894916304896,1432,3778
645,680609293079592960,755,2748
646,680798457301471232,1108,2979
647,680801747103793152,877,2466
648,680805554198020096,705,2254
649,680836378243002368,1411,3607
650,680889648562991104,387,1840
651,680913438424612864,657,2494
652,680934982542561280,466,2164
653,680940246314430464,1121,3359
654,680959110691590144,2126,4745
655,680970795137544192,709,2531
656,681193455364796416,1579,3869
657,681231109724700672,514,2502
658,681242418453299200,573,1564
659,681261549936340992,291,1516
660,681281657291280384,1171,3353
661,681297372102656000,1017,3340
662,681302363064414208,1941,4111
663,681320187870711808,804,2769
664,681339448655802368,4320,9695
665,681340665377193984,297,1712
666,681523177663676416,6175,14948
667,681579835668455424,1383,3698
668,681610798867845120,504,1987
669,681654059175129088,986,2744
670,681679526984871936,478,1839
671,681694085539872768,4310,13318
672,681891461017812992,878,2569
673,681981167097122816,1096,2915
674,682003177596559360,1631,3286
675,682032003584274432,2141,6873
676,682047327939461120,1026,3344
677,682059653698686976,1794,5173
678,682088079302213632,10517,19078
679,682242692827447296,1254,3395
680,682259524040966144,1287,4346
681,682303737705140224,1063,3212
682,682389078323662848,496,1735
683,682393905736888320,728,2338
684,682406705142087680,1873,7916
685,682429480204398592,1240,3584
686,682638830361513984,643,2146
687,682662431982772224,1150,3177
688,682697186228989952,380,1368
689,682750546109968384,463,1586
690,682788441537560576,1188,2575
691,682808988178739200,192,1848
692,682962037429899264,17733,38567
693,683030066213818368,773,2245
694,683078886620553216,599,2069
695,683098815881154560,703,2264
696,683111407806746624,970,3544
697,683142553609318400,1108,3014
698,683357973142474752,998,3069
699,683391852557561856,2535,7955
700,683449695444799488,1711,4064
701,683462770029932544,712,2534
702,683481228088049664,1058,2758
703,683498322573824000,1024,3307
704,683515932363329536,3102,7682
705,683742671509258240,3534,6782
706,683773439333797888,1443,3489
707,683828599284170752,1123,2925
708,683834909291606016,1182,2732
709,683849932751646720,1041,2735
710,683852578183077888,371,2015
711,683857920510050304,1188,3974
712,684097758874210304,1526,4284
713,684122891630342144,501,2083
714,684147889187209216,1591,3112
715,684177701129875456,714,2108
716,684188786104872960,1249,3628
717,684195085588783104,550,2001
718,684200372118904832,1095,2256
719,684222868335505408,1463,3998
720,684225744407494656,227,1288
721,684241637099323392,3519,8507
722,684460069371654144,590,2069
723,684481074559381504,1241,4051
724,684538444857667584,1012,2767
725,684567543613382656,1307,3140
726,684588130326986752,1492,4298
727,684594889858887680,3753,9323
728,684800227459624960,1058,2835
729,684830982659280896,22965,36566
730,684880619965411328,871,2193
731,684902183876321280,564,1961
732,684914660081053696,1558,3666
733,684926975086034944,493,3657
734,684940049151070208,1108,3356
735,684959798585110528,3329,7113
736,684969860808454144,402,2469
737,685169283572338688,1511,4276
738,685198997565345792,705,2436
739,685268753634967552,1279,3230
740,685307451701334016,467,2162
741,685315239903100928,1149,3500
742,685321586178670592,684,2765
743,685325112850124800,4232,9902
744,685532292383666176,1225,3172
745,685547936038666240,16680,34426
746,685641971164143616,831,3062
747,685663452032069632,1555,3403
748,685667379192414208,608,2445
749,685681090388975616,134,2124
750,685906723014619136,3096,7855
751,685943807276412928,638,1700
752,685973236358713344,557,2206
753,686003207160610816,676,1909
754,686007916130873344,449,2595
755,686034024800862208,1237,3260
756,686035780142297088,129,1207
757,686050296934563840,776,2303
758,686286779679375360,1769,4175
759,686358356425093120,722,2298
760,686377065986265088,598,2317
761,686386521809772544,934,3405
762,686394059078897664,720,1823
763,686606069955735552,579,1980
764,686618349602762752,1448,3856
765,686683045143953408,851,2936
766,686730991906516992,1273,4335
767,686749460672679936,1547,3627
768,686760001961103360,1461,3677
769,686947101016735744,3375,8996
770,687096057537363968,642,2346
771,687102708889812992,1051,2441
772,687109925361856512,2614,6074
773,687124485711986688,532,2262
774,687127927494963200,2432,5694
775,687312378585812992,2016,4550
776,687317306314240000,9696,20969
777,687399393394311168,663,1974
778,687460506001633280,575,2140
779,687476254459715584,564,2066
780,687480748861947904,256,1666
781,687494652870668288,609,1991
782,687664829264453632,541,2019
783,687704180304273408,884,2550
784,687732144991551488,699,1842
785,687807801670897664,744,2502
786,687818504314159104,1009,2617
787,687826841265172480,1195,2851
788,687841446767013888,2684,5714
789,688064179421470720,381,1807
790,688116655151435776,828,2951
791,688179443353796608,620,2207
792,688211956440801280,880,2327
793,688385280030670848,4718,9690
794,688519176466644992,780,2418
795,688547210804498432,744,2734
796,688789766343622656,704,2318
797,688804835492233216,206,1006
798,688828561667567616,396,1439
799,688894073864884224,738,2338
800,688898160958271488,839,2199
801,688908934925697024,822,2206
802,688916208532455424,926,2856
803,689143371370250240,542,2112
804,689154315265683456,1065,3205
805,689255633275777024,1150,2670
806,689275259254616064,260,1209
807,689280876073582592,756,2079
808,689283819090870272,1169,3433
809,689289219123089408,996,2356
810,689517482558820352,1520,3549
811,689557536375177216,487,2137
812,689599056876867584,5875,12129
813,689623661272240128,681,2331
814,689659372465688576,4111,10805
815,689661964914655232,987,3345
816,689835978131935232,799,2258
817,689877686181715968,1254,3166
818,689905486972461056,733,2537
819,689977555533848576,474,1429
820,689993469801164800,481,1530
821,689999384604450816,396,1490
822,690005060500217856,1792,3833
823,690015576308211712,788,2625
824,690021994562220032,1100,2909
825,690248561355657216,437,1753
826,690348396616552448,548,1572
827,690360449368465408,948,2757
828,690374419777196032,913,3408
829,690400367696297984,479,1957
830,690597161306841088,638,2049
831,690607260360429568,17,305
832,690649993829576704,296,1365
833,690690673629138944,846,2427
834,690728923253055488,549,2265
835,690735892932222976,1351,3946
836,690932576555528192,1085,3429
837,690938899477221376,2111,4305
838,690959652130045952,1331,3751
839,690989312272396288,3033,6155
840,691090071332753408,356,1788
841,691096613310316544,935,3089
842,691321916024623104,700,2688
843,691416866452082688,8117,20152
844,691444869282295808,893,2768
845,691459709405118464,1220,4237
846,691483041324204032,597,2478
847,691675652215414784,534,2029
848,691756958957883392,1082,3018
849,691793053716221952,4455,8467
850,691820333922455552,1758,4122
851,692017291282812928,1008,2992
852,692041934689402880,1351,3552
853,692142790915014656,416,1717
854,692158366030913536,840,2243
855,692187005137076224,866,2636
856,692417313023332352,3685,9739
857,692423280028966912,243,1540
858,692530551048294400,440,1927
859,692535307825213440,1441,3338
860,692568918515392512,1627,4539
861,692752401762250752,3849,7128
862,692828166163931136,930,3015
863,692894228850999296,857,2376
864,692901601640583168,641,1863
865,692905862751522816,926,2549
866,692919143163629568,791,2780
867,693095443459342336,490,1957
868,693109034023534592,650,1793
869,693155686491000832,3394,8229
870,693231807727280128,776,2991
871,693262851218264064,529,2329
872,693267061318012928,862,2495
873,693280720173801472,1312,3511
874,693486665285931008,669,1858
875,693582294167244800,270,1716
876,693590843962331136,2092,5284
877,693622659251335168,389,1613
878,693629975228977152,844,2553
879,693642232151285760,438,2645
880,693644216740769792,134,1402
881,693647888581312512,626,2821
882,693942351086120960,387,1808
883,693993230313091072,428,1951
884,694001791655137280,1090,3545
885,694183373896572928,986,3079
886,694206574471057408,2152,4367
887,694329668942569472,529,2096
888,694342028726001664,512,1644
889,694352839993344000,657,2133
890,694356675654983680,304,1570
891,694669722378485760,15327,37293
892,694905863685980160,986,2871
893,694925794720792576,968,2810
894,695051054296211456,834,2777
895,695064344191721472,636,1676
896,695074328191332352,1172,2965
897,695095422348574720,651,2753
898,695314793360662528,1553,3796
899,695409464418041856,3786,9017
900,695446424020918272,1919,4559
901,695629776980148224,2220,4755
902,695767669421768704,791,1954
903,695794761660297216,823,3322
904,695816827381944320,1237,3140
905,696100768806522880,704,2019
906,696405997980676096,1207,3352
907,696488710901260288,1091,2649
908,696490539101908992,154,1272
909,696518437233913856,1800,4066
910,696713835009417216,680,2470
911,696744641916489728,990,2155
912,696754882863349760,377,1539
913,696877980375769088,750,2542
914,696886256886657024,1904,5050
915,696894894812565504,710,2433
916,696900204696625152,1083,3325
917,697242256848379904,707,2620
918,697255105972801536,1228,3146
919,697259378236399616,1052,3427
920,697270446429966336,1972,4876
921,697463031882764288,1462,3551
922,697482927769255936,712,2520
923,697516214579523584,1197,2165
924,697575480820686848,528,2127
925,697596423848730624,1333,3161
926,697616773278015488,1073,3294
927,697630435728322560,570,1823
928,697881462549430272,1265,3146
929,697943111201378304,727,2500
930,697990423684476928,1374,3426
931,697995514407682048,354,1599
932,698178924120031232,787,2923
933,698195409219559424,6309,17480
934,698262614669991936,2127,4953
935,698342080612007936,1004,2359
936,698355670425473024,479,1948
937,698549713696649216,655,2425
938,698635131305795584,360,1345
939,698703483621523456,402,1515
940,698710712454139904,723,2580
941,698907974262222848,660,2643
942,698953797952008192,956,2818
943,698989035503689728,1041,3521
944,699036661657767936,1266,2716
945,699060279947165696,1911,3941
946,699072405256409088,1259,3139
947,699079609774645248,693,2559
948,699088579889332224,666,2336
949,699323444782047232,914,3302
950,699370870310113280,461,1962
951,699413908797464576,651,2160
952,699423671849451520,349,1431
953,699434518667751424,537,2258
954,699446877801091072,2768,6196
955,699691744225525760,4870,10688
956,699775878809702400,640,2042
957,699779630832685056,1319,2885
958,699788877217865728,527,2333
959,699801817392291840,1014,3195
960,700002074055016448,1421,3454
961,700029284593901568,620,2157
962,700062718104104960,734,2758
963,700143752053182464,2910,7850
964,700151421916807168,704,2331
965,700167517596164096,788,2756
966,700462010979500032,1907,4315
967,700505138482569216,601,2378
968,700518061187723264,850,2749
969,700747788515020800,9904,23823
970,700796979434098688,1011,2536
971,700847567345688576,528,2530
972,700864154249383936,650,2699
973,700890391244103680,609,2307
974,701214700881756160,5416,12737
975,701545186879471616,649,2772
976,701570477911896064,987,2935
977,701601587219795968,483,2177
978,701805642395348992,1791,3575
979,701889187134500864,1458,3698
980,701952816642965504,1082,3980
981,701981390485725184,1051,3597
982,702217446468493312,1417,5003
983,702276748847800320,808,2573
984,702321140488925184,1094,3421
985,702332542343577600,1649,3331
986,702539513671897088,1011,2996
987,702598099714314240,3631,12713
988,702671118226825216,595,2292
989,702684942141153280,1145,3360
990,702899151802126336,479,1678
991,702932127499816960,761,2700
992,703041949650034688,13274,27492
993,703079050210877440,3285,7713
994,703268521220972544,574,2052
995,703356393781329920,408,1995
996,703382836347330560,1197,3660
997,703407252292673536,736,2555
998,703425003149250560,1456,3954
999,703611486317502464,1598,4018
1000,703631701117943808,725,2702
1001,703769065844768768,1202,3422
1002,703774238772166656,492,1909
1003,704054845121142784,964,3037
1004,704113298707505152,594,1931
1005,704134088924532736,494,1572
1006,704347321748819968,367,1657
1007,704364645503647744,3760,8358
1008,704480331685040128,1119,3534
1009,704491224099647488,84,794
1010,704499785726889984,1058,3054
1011,704761120771465216,3067,6900
1012,704819833553219584,1053,2745
1013,704847917308362752,1624,5316
1014,704859558691414016,578,2346
1015,704871453724954624,1175,4434
1016,705066031337840640,639,2261
1017,705102439679201280,538,2239
1018,705223444686888960,852,2682
1019,705239209544720384,789,3116
1020,705428427625635840,1785,3976
1021,705442520700944384,1738,4636
1022,705475953783398400,974,3076
1023,705591895322394624,1218,3304
1024,705786532653883392,554,2028
1025,705898680587526144,588,2472
1026,705970349788291072,940,3267
1027,705975130514706432,776,3232
1028,706153300320784384,404,1543
1029,706166467411222528,1701,5363
1030,706169069255446528,2355,4059
1031,706265994973601792,974,2850
1032,706291001778950144,495,1772
1033,706310011488698368,8441,22275
1034,706346369204748288,971,3588
1035,706516534877929472,1095,3228
1036,706538006853918720,1491,3596
1037,706593038911545344,664,2244
1038,706644897839910912,1158,2685
1039,706681918348251136,1023,3458
1040,706901761596989440,631,2151
1041,706904523814649856,8287,15178
1042,707014260413456384,627,2400
1043,707021089608753152,1446,4242
1044,707038192327901184,841,2280
1045,707059547140169728,712,2691
1046,707297311098011648,836,2882
1047,707315916783140864,678,2579
1048,707377100785885184,1143,3422
1049,707387676719185920,1372,3647
1050,707411934438625280,630,2379
1051,707420581654872064,730,2372
1052,707610948723478528,6778,17665
1053,707629649552134144,933,2683
1054,707693576495472640,1062,3581
1055,707738799544082432,2621,4264
1056,707741517457260544,646,2601
1057,707776935007539200,1001,3419
1058,707969809498152960,1026,2810
1059,707983188426153984,2,51
1060,707995814724026368,1186,3261
1061,708026248782585856,2024,4544
1062,708109389455101952,573,2009
1063,708119489313951744,1033,2789
1064,708130923141795840,886,3527
1065,708149363256774656,1623,4449
1066,708349470027751424,779,2444
1067,708356463048204288,1409,3755
1068,708400866336894976,10702,16661
1069,708469915515297792,865,3214
1070,708479650088034304,710,2655
1071,708711088997666816,762,2656
1072,708738143638450176,864,2857
1073,708810915978854400,7341,17168
1074,708834316713893888,533,1761
1075,708845821941387264,947,3104
1076,708853462201716736,694,1864
1077,709042156699303936,1732,4943
1078,709158332880297984,443,2121
1079,709179584944730112,709,2091
1080,709198395643068416,675,2514
1081,709207347839836160,6178,13103
1082,709225125749587968,603,2502
1083,709409458133323776,730,2720
1084,709449600415961088,611,2321
1085,709519240576036864,251,1545
1086,709556954897764352,1122,3426
1087,709566166965075968,1272,3683
1088,709852847387627520,1261,3647
1089,709901256215666688,105,702
1090,709918798883774464,1124,3109
1091,710117014656950272,2108,5725
1092,710140971284037632,940,2872
1093,710153181850935296,944,3028
1094,710269109699739648,1191,2492
1095,710272297844797440,1328,4716
1096,710283270106132480,543,2222
1097,710296729921429504,781,2462
1098,710588934686908416,1981,4726
1099,710609963652087808,2491,4980
1100,710658690886586368,596,2399
1101,710833117892898816,568,2799
1102,710844581445812224,729,2653
1103,710997087345876992,1465,4733
1104,711008018775851008,651,3113
1105,711306686208872448,771,3446
1106,711363825979756544,1198,3807
1107,711652651650457600,972,4024
1108,711694788429553664,19318,34161
1109,711732680602345472,4359,9239
1110,711743778164514816,1039,2950
1111,711968124745228288,2445,8377
1112,711998809858043904,131,0
1113,712065007010385920,662,2350
1114,712085617388212224,509,3373
1115,712092745624633344,943,3057
1116,712097430750289920,1097,3942
1117,712309440758808576,25,253
1118,712438159032893440,1651,5529
1119,712668654853337088,1282,4315
1120,712717840512598016,5277,12836
1121,712809025985978368,7106,19304
1122,713175907180089344,1535,4628
1123,713177543487135744,2984,7487
1124,713411074226274304,1365,4584
1125,713761197720473600,1453,5071
1126,713900603437621248,778,2949
1127,713909862279876608,570,1989
1128,713919462244790272,818,3405
1129,714141408463036416,1481,4475
1130,714214115368108032,928,2357
1131,714251586676113408,884,3391
1132,714258258790387712,755,3139
1133,714485234495041536,1221,2821
1134,714606013974974464,974,3768
1135,714631576617938944,1058,3393
1136,714957620017307648,1498,4292
1137,714962719905021952,4505,7652
1138,714982300363173888,1087,3898
1139,715009755312439296,1306,4332
1140,715200624753819648,1988,5319
1141,715220193576927232,688,2509
1142,715342466308784128,719,3147
1143,715360349751484416,1662,5682
1144,715680795826982912,1710,4494
1145,715696743237730304,1356,4047
1146,715704790270025728,596,2899
1147,715733265223708672,1782,4851
1148,715758151270801408,1504,3872
1149,715928423106027520,921,3309
1150,716080869887381504,2023,6985
1151,716285507865542656,1145,2886
1152,716439118184652800,222,2456
1153,716447146686459904,6229,13596
1154,716730379797970944,454,1280
1155,716791146589110272,1514,6216
1156,716802964044845056,1244,4450
1157,717009362452090880,1026,3399
1158,717047459982213120,2017,6511
1159,717421804990701568,883,3269
1160,717428917016076288,478,1670
1161,717537687239008256,1936,5968
1162,717790033953034240,1188,2993
1163,717841801130979328,623,2542
1164,718234618122661888,1063,4026
1165,718246886998687744,528,2003
1166,718454725339934720,1590,5047
1167,718460005985447936,554,2797
1168,718540630683709440,1070,2574
1169,718613305783398400,508,2530
1170,718631497683582976,8519,19597
1171,718939241951195136,1862,5437
1172,718971898235854848,1156,3624
1173,719332531645071360,1004,3548
1174,719339463458033664,1319,4579
1175,719367763014393856,781,2900
1176,719551379208073216,2034,5252
1177,719704490224398336,1528,4722
1178,719991154352222208,1840,5013
1179,720043174954147840,2115,5095
1180,720059472081784832,1186,4038
1181,720340705894408192,1031,2973
1182,720389942216527872,2652,6640
1183,720415127506415616,1581,4292
1184,720775346191278080,713,2575
1185,720785406564900864,811,3235
1186,721001180231503872,652,2624
1187,721503162398597120,1975,4834
1188,722613351520608256,1726,5153
1189,722974582966214656,1653,4256
1190,723179728551723008,1976,5492
1191,723673163800948736,941,3138
1192,723688335806480384,3147,7992
1193,723912936180330496,1293,4049
1194,724004602748780544,1659,4349
1195,724046343203856384,593,2762
1196,724049859469295616,1865,4483
1197,724405726123311104,1736,5505
1198,724771698126512128,675,2467
1199,724983749226668032,1374,3861
1200,725458796924002304,656,1463
1201,725729321944506368,1882,5383
1202,725786712245440512,1434,4320
1203,725842289046749184,2802,7323
1204,726224900189511680,1208,4583
1205,726828223124897792,1060,3690
1206,726887082820554752,1590,3987
1207,726935089318363136,2588,7149
1208,727155742655025152,1401,3793
1209,727175381690781696,1455,4028
1210,727286334147182592,863,3160
1211,727314416056803328,793,3465
1212,727524757080539136,1286,4646
1213,727644517743104000,1846,6126
1214,727685679342333952,667,3047
1215,728015554473250816,1159,4259
1216,728035342121635840,1760,4728
1217,728046963732717568,1245,4472
1218,728387165835677696,1013,3812
1219,728409960103686144,2114,5103
1220,728653952833728512,1095,3436
1221,728751179681943552,714,2881
1222,728760639972315136,1804,4863
1223,728986383096946688,863,3280
1224,729113531270991872,348,1959
1225,729463711119904768,2446,6032
1226,729823566028484608,1309,4147
1227,729838605770891264,408,1774
1228,729854734790754304,1190,4201
1229,730196704625098752,2034,5075
1230,730211855403241472,1116,3981
1231,730427201120833536,1105,3602
1232,730573383004487680,2276,5112
1233,730924654643314688,2091,6370
1234,731156023742988288,1348,3988
1235,731285275100512256,1040,3626
1236,732005617171337216,5773,15534
1237,732375214819057664,2669,8419
1238,732585889486888960,818,3826
1239,732726085725589504,932,3672
1240,732732193018155008,564,2534
1241,733109485275860992,17797,51242
1242,733460102733135872,1350,4374
1243,733482008106668032,1001,3273
1244,733822306246479872,1067,3810
1245,733828123016450048,822,3731
1246,734559631394082816,418,1559
1247,734776360183431168,576,2617
1248,734787690684657664,6663,13075
1249,734912297295085568,546,2849
1250,735137028879360000,1025,3252
1251,735256018284875776,940,3479
1252,735274964362878976,5376,13548
1253,735635087207878656,2487,6432
1254,735648611367784448,1167,4167
1255,735991953473572864,1220,3741
1256,736010884653420544,3153,8220
1257,736225175608430592,2930,8465
1258,736365877722001408,1323,4155
1259,736392552031657984,7857,18492
1260,736736130620620800,1838,4484
1261,737310737551491072,7868,15293
1262,737322739594330112,858,3761
1263,737445876994609152,4728,10708
1264,737678689543020544,1411,5247
1265,737800304142471168,3667,10414
1266,737826014890496000,1862,5494
1267,738156290900254720,694,2640
1268,738166403467907072,3604,9170
1269,738184450748633088,1278,4490
1270,738402415918125056,891,3387
1271,738537504001953792,1652,5309
1272,738883359779196928,857,3470
1273,738885046782832640,1208,3925
1274,738891149612572672,6,112
1275,739238157791694848,61594,120852
1276,739485634323156992,3120,7489
1277,739544079319588864,22688,41349
1278,739606147276148736,1756,5598
1279,739623569819336704,1446,3965
1280,739844404073074688,906,3956
1281,739932936087216128,1145,4225
1282,739979191639244800,6286,20810
1283,740214038584557568,2086,6974
1284,740359016048689152,909,3441
1285,740365076218183680,461,2581
1286,740373189193256960,14105,36318
1287,740676976021798912,7204,18932
1288,740699697422163968,828,2956
1289,740711788199743488,992,3549
1290,740995100998766592,2940,6673
1291,741067306818797568,3276,9857
1292,741099773336379392,5899,10466
1293,741303864243200000,3432,9145
1294,741438259667034112,884,3828
1295,741743634094141440,2931,8524
1296,741793263812808704,1600,4759
1297,742150209887731712,1653,5353
1298,742161199639494656,1465,4535
1299,742385895052087296,2110,7101
1300,742423170473463808,4029,10255
1301,742465774154047488,4136,7572
1302,742528092657332224,2119,4621
1303,742534281772302336,3774,7351
1304,743210557239623680,1451,4007
1305,743222593470234624,2020,6464
1306,743253157753532416,1295,4415
1307,743510151680958464,3932,8256
1308,743545585370791936,991,3671
1309,743595368194129920,6985,19251
1310,743609206067040256,1463,4675
1311,743835915802583040,2212,0
1312,743895849529389056,1016,3805
1313,743980027717509120,1154,4347
1314,744223424764059648,393,1759
1315,744234799360020480,83198,163604
1316,744334592493166592,2268,7063
1317,744709971296780288,1656,5840
1318,744971049620602880,2867,8236
1319,744995568523612160,659,3107
1320,745057283344719872,2417,7547
1321,745074613265149952,3752,8186
1322,745314880350101504,2954,7497
1323,745422732645535744,2583,8963
1324,745433870967832576,2700,7405
1325,745712589599014912,2468,7299
1326,745789745784041472,1134,4209
1327,746056683365994496,864,3704
1328,746131877086527488,2347,7228
1329,746369468511756288,1751,6446
1330,746507379341139968,1149,4847
1331,746521445350707200,1047,0
1332,746542875601690624,1991,5262
1333,746726898085036032,1909,6307
1334,746757706116112384,4161,10008
1335,746790600704425984,1694,5102
1336,746818907684614144,1835,5550
1337,746872823977771008,2289,6273
1338,746906459439529984,315,3012
1339,747103485104099328,4247,10018
1340,747204161125646336,981,3530
1341,747219827526344704,1682,5522
1342,747242308580548608,3067,0
1343,747439450712596480,2054,5675
1344,747461612269887488,1096,4041
1345,747512671126323200,1694,5792
1346,747594051852075008,1120,3863
1347,747600769478692864,586,2427
1348,747648653817413632,6231,13500
1349,747651430853525504,165,1445
1350,747816857231626240,1240,5071
1351,747844099428986880,800,2941
1352,747885874273214464,1050,3083
1353,747933425676525568,2718,6927
1354,747963614829678592,2285,6047
1355,748220828303695872,8318,14814
1356,748307329658011648,759,3839
1357,748324050481647616,816,3872
1358,748337862848962560,4392,8045
1359,748346686624440320,1322,5475
1360,748568946752774144,715,2285
1361,748575535303884800,2118,6347
1362,748692773788876800,1417,4443
1363,748699167502000128,1703,4959
1364,748705597323898880,1013,2896
1365,748932637671223296,2417,6116
1366,748977405889503232,3634,11239
1367,749036806121881600,838,3254
1368,749064354620928000,1618,5016
1369,749075273010798592,2213,6033
1370,749317047558017024,2365,5743
1371,749395845976588288,3704,9014
1372,749403093750648832,580,2753
1373,749417653287129088,1776,6391
1374,749774190421639168,1401,4876
1375,749981277374128128,2615,5354
1376,749996283729883136,866,3186
1377,750011400160841728,970,3405
1378,750026558547456000,841,2841
1379,750041628174217216,663,3328
1380,750056684286914560,955,3295
1381,750071704093859840,3575,8248
1382,750086836815486976,581,2280
1383,750101899009982464,903,3187
1384,750117059602808832,1388,4545
1385,750132105863102464,1365,3815
1386,750147208377409536,1029,3257
1387,750381685133418496,30,726
1388,750383411068534784,1219,4779
1389,750429297815552000,4602,13832
1390,750506206503038976,1231,4660
1391,750719632563142656,5394,13850
1392,750868782890057728,1480,5012
1393,751132876104687616,1393,5330
1394,751205363882532864,1964,6612
1395,751251247299190784,6288,13118
1396,751456908746354688,1070,3364
1397,751538714308972544,1355,5287
1398,751583847268179968,1189,4616
1399,751598357617971200,3258,8296
1400,751793661361422336,3116,6159
1401,751830394383790080,2100,6094
1402,751937170840121344,1443,5473
1403,751950017322246144,999,3229
1404,752173152931807232,1977,6249
1405,752309394570878976,17905,0
1406,752334515931054080,1182,4012
1407,752519690950500352,3696,7742
1408,752568224206688256,2451,5802
1409,752660715232722944,1684,4632
1410,752682090207055872,1721,6286
1411,752701944171524096,3102,0
1412,752917284578922496,1688,7248
1413,752932432744185856,7331,13284
1414,753026973505581056,1046,4091
1415,753039830821511168,22458,39046
1416,753294487569522688,1118,3564
1417,753298634498793472,6175,0
1418,753375668877008896,2500,8025
1419,753398408988139520,2064,6069
1420,753420520834629632,3829,8331
1421,753655901052166144,2329,6146
1422,754120377874386944,2507,8239
1423,754449512966619136,786,3934
1424,754482103782404096,2091,5572
1425,754747087846248448,555,2705
1426,754856583969079296,2714,7227
1427,754874841593970688,8586,0
1428,755110668769038336,11879,22324
1429,755206590534418432,5786,17315
1430,755955933503782912,3105,7711
1431,756275833623502848,1631,6756
1432,756288534030475264,18749,45055
1433,756303284449767424,1162,4150
1434,756526248105566208,3874,10935
1435,756651752796094464,1405,5321
1436,756939218950160384,2158,6996
1437,756998049151549440,2129,6598
1438,757354760399941632,1531,4748
1439,757393109802180608,1876,6133
1440,757400162377592832,7344,15923
1441,757596066325864448,1136,4578
1442,757597904299253760,314,0
1443,757611664640446464,1200,4799
1444,757725642876129280,1304,4778
1445,757729163776290816,8699,0
1446,757741869644341248,3494,7247
1447,758041019896193024,402,2848
1448,758099635764359168,10821,20201
1449,758355060040593408,1163,3613
1450,758405701903519744,2073,5474
1451,758467244762497024,2390,5058
1452,758474966123810816,1068,4025
1453,758740312047005696,1725,6031
1454,758828659922702336,4112,11758
1455,758854675097526272,959,3738
1456,759047813560868864,2175,6847
1457,759099523532779520,4484,15301
1458,759159934323924992,1245,0
1459,759197388317847552,2089,6372
1460,759446261539934208,520,1759
1461,759447681597108224,2627,8946
1462,759557299618865152,1262,4943
1463,759566828574212096,22689,0
1464,759793422261743616,2041,6284
1465,759846353224826880,2130,7071
1466,759923798737051648,6080,15451
1467,759943073749200896,2247,6251
1468,760153949710192640,34,0
1469,760190180481531904,1943,5998
1470,760252756032651264,930,4143
1471,760290219849637888,12348,28289
1472,760521673607086080,1503,4458
1473,760539183865880576,3902,7991
1474,760641137271070720,1387,5224
1475,760656994973933568,2072,6960
1476,760893934457552896,1044,4028
1477,761004547850530816,3733,11929
1478,761227390836215808,1673,5595
1479,761292947749015552,1180,4707
1480,761334018830917632,1562,5479
1481,761371037149827072,19318,0
1482,761599872357261312,1265,4351
1483,761672994376806400,31224,52281
1484,761745352076779520,923,4479
1485,761750502866649088,4232,0
1486,761976711479193600,2176,5695
1487,762035686371364864,16795,33734
1488,762316489655476224,1212,5080
1489,762464539388485632,4509,10876
1490,762471784394268672,6972,11897
1491,762699858130116608,3905,12832
1492,763103485927849984,2457,7763
1493,763167063695355904,3249,0
1494,763183847194451968,1582,5695
1495,763837565564780544,4487,13298
1496,763956972077010944,58,783
1497,764259802650378240,1632,6383
1498,764857477905154048,1906,6784
1499,765222098633691136,3646,12264
1500,765371061932261376,2329,7491
1501,765395769549590528,3660,27906
1502,765669560888528896,1312,5488
1503,765719909049503744,2314,7646
1504,766008592277377024,532,3958
1505,766069199026450432,925,4508
1506,766078092750233600,2802,0
1507,766313316352462848,2028,7164
1508,766423258543644672,1718,6353
1509,766693177336135680,850,4250
1510,766714921925144576,419,2754
1511,766793450729734144,1465,5358
1512,766864461642756096,6080,0
1513,767122157629476864,3069,10707
1514,767191397493538816,4102,12958
1515,767500508068192256,2517,7893
1516,767754930266464256,5797,16917
1517,767884188863397888,1512,5018
1518,768193404517830656,3820,11527
1519,768473857036525568,3700,14406
1520,768554158521745408,6286,0
1521,768596291618299904,1378,5299
1522,768609597686943744,1304,4346
1523,768855141948723200,958,4433
1524,768909767477751808,2910,0
1525,768970937022709760,7052,15229
1526,769212283578875904,1845,5708
1527,769335591808995328,8287,0
1528,769695466921623552,1788,6748
1529,769940425801170944,10409,33234
1530,770069151037685760,2484,8024
1531,770093767776997376,3276,0
1532,770293558247038976,1607,6598
1533,770414278348247040,2231,6649
1534,770655142660169728,1881,7743
1535,770772759874076672,1524,5489
1536,770787852854652928,1316,5236
1537,771004394259247104,236,0
1538,771014301343748096,1789,7266
1539,771102124360998912,1552,6599
1540,771136648247640064,3170,9707
1541,771171053431250944,8165,0
1542,771380798096281600,5508,11123
1543,771500966810099712,2835,8757
1544,771770456517009408,3668,12686
1545,771908950375665664,2048,6963
1546,772102971039580160,1001,4241
1547,772114945936949248,511,2877
1548,772117678702071808,795,3976
1549,772152991789019136,1207,3999
1550,772193107915964416,1496,6367
1551,772581559778025472,1822,6854
1552,772615324260794368,3646,0
1553,772826264096874496,2522,8464
1554,772877495989305344,4187,9074
1555,773191612633579520,4443,10576
1556,773247561583001600,3475,9968
1557,773308824254029824,8073,24615
1558,773336787167145984,5508,0
1559,773547596996571136,6670,23394
1560,773670353721753600,1399,5630
1561,773704687002451968,1755,6984
1562,773922284943896576,1873,6776
1563,773985732834758656,4190,11368
1564,774314403806253056,6026,23059
1565,774639387460112384,1869,7116
1566,774757898236878848,1913,9060
1567,775085132600442880,5107,16465
1568,775350846108426240,4223,10760
1569,775364825476165632,3220,7871
1570,775729183532220416,4950,13682
1571,775733305207554048,4333,14674
1572,775842724423557120,2893,12427
1573,775898661951791104,17797,0
1574,776088319444877312,165,1936
1575,776113305656188928,4715,12446
1576,776201521193218048,2727,10170
1577,776218204058357760,17295,31815
1578,776249906839351296,9904,0
1579,776477788987613184,3024,9375
1580,776813020089548800,1314,5175
1581,776819012571455488,14907,0
1582,777189768882946048,4689,15199
1583,777621514455814144,2695,9299
1584,777641927919427584,4602,0
1585,777684233540206592,3194,11905
1586,777885040357281792,1779,6751
1587,777953400541634560,3820,0
1588,778027034220126208,1758,6947
1589,778039087836069888,2851,8989
1590,778286810187399168,3578,11023
1591,778383385161035776,1202,6203
1592,778396591732486144,13274,0
1593,778408200802557952,4715,14489
1594,778624900596654080,1095,4933
1595,778650543019483136,1622,6112
1596,778748913645780992,1442,7323
1597,778764940568104960,399,912
1598,778774459159379968,10821,0
1599,778990705243029504,7878,21232
1600,779056095788752896,4912,15706
1601,779123168116150272,3958,12529
1602,779124354206535680,19975,0
1603,779377524342161408,3381,9366
1604,779834332596887552,7689,20135
1605,780074436359819264,5420,13013
1606,780092040432480256,2500,0
1607,780192070812196864,2426,9249
1608,780459368902959104,1162,5618
1609,780476555013349376,126,0
1610,780496263422808064,4029,0
1611,780543529827336192,1875,6693
1612,780601303617732608,3622,12839
1613,780800785462489088,1414,5844
1614,780858289093574656,2178,7646
1615,780931614150983680,7974,22978
1616,781163403222056960,2975,10375
1617,781251288990355456,2283,8963
1618,781308096455073792,2767,7567
1619,781524693396357120,6024,22052
1620,781655249211752448,1216,4253
1621,781661882474196992,2948,11097
1622,781955203444699136,3658,11817
1623,782021823840026624,6778,0
1624,782305867769217024,6063,17715
1625,782598640137187328,2037,8265
1626,782722598790725632,5877,18375
1627,782747134529531904,1515,7933
1628,782969140009107456,7992,25647
1629,783085703974514688,2412,8645
1630,783334639985389568,12737,31064
1631,783347506784731136,6093,0
1632,783391753726550016,5985,17927
1633,783466772167098368,2451,8987
1634,783695101801398272,3515,11112
1635,783821107061198848,2129,7821
1636,783839966405230592,11767,31961
1637,784057939640352768,12123,31792
1638,784183165795655680,8781,21401
1639,784431430411685888,1394,6058
1640,784517518371221504,2764,9539
1641,784826020293709824,3526,10787
1642,785170936622350336,5289,12869
1643,785264754247995392,1777,7737
1644,785515384317313024,1370,6496
1645,785533386513321984,2183,9689
1646,785639753186217984,2418,8313
1647,785872687017132032,1986,7113
1648,785927819176054784,3451,12100
1649,786036967502913536,7689,0
1650,786051337297522688,168,1535
1651,786233965241827328,5200,16292
1652,786286427768250368,3111,8477
1653,786363235746385920,3813,11607
1654,786595970293370880,3373,10029
1655,786664955043049472,2786,11364
1656,786709082849828864,6643,19360
1657,786729988674449408,2627,0
1658,786963064373534720,8704,28330
1659,787111942498508800,7331,0
1660,787322443945877504,1907,8305
1661,787397959788929024,3093,11561
1662,787717603741622272,3036,10896
1663,787810552592695296,3336,9243
1664,788039637453406208,1444,6553
1665,788070120937619456,3733,0
1666,788150585577050112,1423,6550
1667,788178268662984704,2307,7703
1668,788412144018661376,5779,16626
1669,788552643979468800,7857,0
1670,788765914992902144,11241,29245
1671,788908386943430656,13518,29229
1672,789137962068021248,3054,10350
1673,789268448748703744,2819,9726
1674,789280767834746880,5394,0
1675,789314372632018944,2516,9189
1676,789530877013393408,3687,12533
1677,789599242079838208,2117,7218
1678,789628658055020544,1948,8005
1679,789903600034189312,4506,11083
1680,789960241177853952,4509,0
1681,789986466051088384,2533,9848
1682,790227638568808448,3905,0
1683,790277117346975744,3478,13382
1684,790337589677002752,2039,8343
1685,790581949425475584,7851,22049
1686,790698755171364864,2085,8737
1687,790723298204217344,2533,0
1688,790946055508652032,5125,17725
1689,790987426131050496,2336,10545
1690,791026214425268224,4487,0
1691,791312159183634432,2775,9377
1692,791406955684368384,4498,13996
1693,791672322847637504,3414,12537
1694,791774931465953280,24260,48177
1695,791780927877898240,4161,0
1696,791784077045166080,10517,0
1697,791821351946420224,22965,0
1698,792050063153438720,1971,7652
1699,792394556390137856,4688,14353
1700,792773781206999040,1833,7834
1701,792883833364439040,4678,12068
1702,792913359805018112,4384,15302
1703,793120401413079040,4276,13537
1704,793135492858580992,2728,6902
1705,793150605191548928,1866,6584
1706,793165685325201408,3041,10034
1707,793180763617361920,2181,7397
1708,793195938047070208,6152,16309
1709,793210959003287552,3071,9530
1710,793226087023144960,3128,10497
1711,793241302385262592,3581,11219
1712,793256262322548736,9121,21327
1713,793271401113350144,2591,9228
1714,793286476301799424,10062,26247
1715,793500921481273344,2600,11410
1716,793601777308463104,1784,8506
1717,793614319594401792,3414,0
1718,793845145112371200,2052,9825
1719,793962221541933056,5339,17950
1720,794205286408003584,3621,9826
1721,794332329137291264,2900,10219
1722,794355576146903040,11241,0
1723,794926597468000256,2518,10969
1724,794983741416415232,3687,0
1725,795076730285391872,5942,17325
1726,795400264262053888,3140,10763
1727,795464331001561088,26038,53146
1728,796031486298386432,4022,11539
1729,796080075804475392,2533,9032
1730,796116448414461952,2645,9710
1731,796125600683540480,1954,5277
1732,796149749086875648,15654,34489
1733,796177847564038144,15654,0
1734,796387464403357696,4560,11732
1735,796484825502875648,1928,8085
1736,796563435802726400,7974,0
1737,796759840936919040,3345,12655
1738,796865951799083008,2083,8181
1739,796904159865868288,9697,0
1740,797165961484890112,29,246
1741,797236660651966464,7246,21311
1742,797545162159308800,5302,15475
1743,797971864723324928,3432,12421
1744,798209839306514432,2794,11067
1745,798340744599797760,3668,0
1746,798576900688019456,6389,0
1747,798585098161549312,6233,0
1748,798628517273620480,2149,0
1749,798644042770751488,2025,0
1750,798665375516884992,4250,0
1751,798673117451325440,6048,0
1752,798682547630837760,5159,0
1753,798686750113755136,2535,0
1754,798694562394996736,5417,0
1755,798697898615730176,7106,0
1756,798701998996647936,8519,0
1757,798705661114773504,7204,0
1758,798925684722855936,1564,7940
1759,798933969379225600,4887,14034
1760,799063482566066176,2695,8617
1761,799297110730567680,3026,10571
1762,799308762079035392,6026,0
1763,799422933579902976,2091,8580
1764,799757965289017344,2360,8968
1765,799774291445383168,5107,0
1766,800018252395122688,14384,30285
1767,800141422401830912,2803,16338
1768,800188575492947968,4310,0
1769,800388270626521088,3073,11888
1770,800443802682937344,4715,0
1771,800459316964663296,2356,10093
1772,800513324630806528,3286,14012
1773,800751577355128832,3029,11195
1774,800855607700029440,1777,0
1775,800859414831898624,104,735
1776,801115127852503040,2283,8616
1777,801127390143516672,4333,0
1778,801167903437357056,6494,26126
1779,801285448605831168,913,6447
1780,801538201127157760,2242,8741
1781,801854953262350336,256,1878
1782,801958328846974976,1866,8225
1783,802185808107208704,289,0
1784,802239329049477120,2846,9672
1785,802265048156610560,1491,7038
1786,802323869084381184,6362,17313
1787,802572683846291456,2734,9528
1788,802600418706604032,1608,7585
1789,802624713319034880,3194,0
1790,802952499103731712,2197,9629
1791,803276597545603072,2690,10687
1792,803321560782307328,5797,0
1793,803380650405482496,2026,8265
1794,803638050916102144,4512,11698
1795,803692223237865472,8117,0
1796,803773340896923648,3026,10708
1797,804026241225523200,17717,47534
1798,804413760345620480,3526,0
1799,804475857670639616,2194,6538
1800,804738756058218496,4199,14617
1801,805207613751304192,1863,8310
1802,805487436403003392,2768,9334
1803,805520635690676224,1798,6120
1804,805823200554876928,8781,0
1805,805826884734976000,1999,7010
1806,805932879469572096,2088,8808
1807,805958939288408064,5877,0
1808,806219024703037440,1302,6843
1809,806242860592926720,12737,0
1810,806542213899489280,2578,10880
1811,806576416489959424,2095,5167
1812,806620845233815552,6024,0
1813,806629075125202944,38027,80018
1814,807010152071229440,4183,13895
1815,807059379405148160,7992,0
1816,807106840509214720,60660,126486
1817,807621403335917568,4012,15506
1818,808001312164028416,3862,13383
1819,808106460588765184,2399,9314
1820,808134635716833280,6494,0
1821,808344865868283904,22657,45247
1822,808501579447930880,2838,12003
1823,808733504066486272,2368,8426
1824,808838249661788160,3319,10762
1825,809084759137812480,3824,14061
1826,809220051211603968,6125,21203
1827,809448704142938112,1602,7375
1828,809808892968534016,5339,0
1829,809920764300447744,4267,16473
1830,810254108431155200,3658,15627
1831,810284430598270976,12425,37700
1832,810657578271330304,2890,11670
1833,810896069567610880,1954,9625
1834,810984652412424192,1560,5668
1835,811386762094317568,6966,22243
1836,811627233043480576,3400,13598
1837,811647686436880384,809,5937
1838,811744202451197952,1748,8028
1839,811985624773361664,1536,7724
1840,812372279581671424,4003,14560
1841,812466873996607488,2104,8494
1842,812503143955202048,1328,6460
1843,812709060537683968,1556,7045
1844,812781120811126784,2086,8073
1845,813051746834595840,7989,22282
1846,813066809284972544,2115,8465
1847,813081950185472000,3019,10502
1848,813096984823349248,3919,11202
1849,813112105746448384,3003,10983
1850,813127251579564032,3410,12610
1851,813130366689148928,485,4750
1852,813142292504645632,2568,8965
1853,813157409116065792,2416,8253
1854,813172488309972992,2083,9910
1855,813187593374461952,4760,21074
1856,813202720496779264,1960,9765
1857,813217897535406080,7954,19849
1858,813800681631023104,1918,8871
1859,813812741911748608,15266,38641
1860,813910438903693312,2044,9878
1861,813944609378369536,3478,0
1862,814153002265309184,9452,30572
1863,814530161257443328,2025,9191
1864,814578408554463232,6309,0
1865,814638523311648768,2953,11965
1866,814986499976527872,1407,8113
1867,815390420867969024,4148,10993
1868,815639385530101760,1791,8719
1869,815736392542261248,2473,10453
1870,815745968457060352,4498,0
1871,815966073409433600,9229,23805
1872,815990720817401856,1133,5305
1873,816014286006976512,5773,0
1874,816062466425819136,1133,0
1875,816091915477250048,2349,9479
1876,816336735214911488,2125,9124
1877,816450570814898176,8825,32437
1878,816697700272001024,2400,10398
1879,816816676327063552,2210,10605
1880,816829038950027264,5125,0
1881,817056546584727552,1800,9100
1882,817120970343411712,2846,12919
1883,817171292965273600,2192,9256
1884,817181837579653120,9229,0
1885,817415592588222464,1045,5953
1886,817423860136083456,16233,36220
1887,817502432452313088,3685,0
1888,817536400337801216,3302,12523
1889,817777686764523520,2907,11339
1890,817827839487737856,29510,54939
1891,817908911860748288,859,5131
1892,818145370475810816,2821,13014
1893,818259473185828864,2482,11683
1894,818307523543449600,8825,0
1895,818536468981415936,2690,11556
1896,818588835076603904,6670,0
1897,818614493328580608,2804,10449
1898,818627210458333184,8094,23513
1899,818646164899774464,22657,0
1900,819004803107983360,39881,91805
1901,819006400881917952,20550,47858
1902,819015331746349056,20550,0
1903,819015337530290176,39881,0
1904,819227688460238848,7263,24442
1905,819238181065359360,437,2418
1906,819347104292290560,1312,7644
1907,819588359383371776,2138,10133
1908,819711362133872640,3397,14241
1909,819924195358416896,5243,13623
1910,819952236453363712,1283,5632
1911,820013781606658048,1283,0
1912,820078625395449856,6826,20969
1913,820314633777061888,613,3530
1914,820446719150292992,2803,0
1915,820494788566847488,613,0
1916,820690176645140480,3490,12905
1917,820749716845686784,10739,33384
1918,820837357901512704,7263,0
1919,821044531881721856,2485,13407
1920,821107785811234816,2306,10141
1921,821149554670182400,2188,9213
1922,821153421864615936,10,267
1923,821407182352777216,4708,12450
1924,821421320206483456,6063,0
1925,821522889702862848,1922,8490
1926,821765923262631936,1807,8897
1927,821813639212650496,3622,0
1928,821886076407029760,2537,11998
1929,822163064745328640,5200,0
1930,822244816520155136,10655,36998
1931,822462944365645824,15852,30079
1932,822489057087389696,6929,19188
1933,822610361945911296,3216,15613
1934,822647212903690240,6929,0
1935,822859134160621568,2474,13978
1936,822872901745569792,47427,139793
1937,822975315408461824,3724,18253
1938,823269594223824896,10655,0
1939,823322678127919104,4345,16622
1940,823333489516937216,27,734
1941,823581115634085888,2860,13772
1942,823699002998870016,2611,13288
1943,823719002937630720,12123,0
1944,823939628516474880,2930,11225
1945,824025158776213504,637,5032
1946,824297048279236608,4184,15886
1947,824325613288833024,11225,12436
1948,824663926340194304,1875,10636
1949,824775126675836928,3799,15800
1950,824796380199809024,5942,0
1951,825026590719483904,1377,6699
1952,825120256414846976,1377,0
1953,825147591692263424,4939,19306
1954,825535076884762624,18559,54895
1955,825829644528148480,2687,13422
1956,825876512159186944,2020,11031
1957,826115272272650240,3386,16500
1958,826204788643753984,1005,5148
1959,826240494070030336,2793,13993
1960,826476773533745152,4530,19401
1961,826598365270007808,2533,10605
1962,826598799820865536,272,5381
1963,826615380357632000,4267,0
1964,826848821049180160,11013,38389
1965,826958653328592896,5395,22728
1966,827199976799354880,2417,11121
1967,827324948884643840,3300,16704
1968,827600520311402496,1022,7788
1969,827653905312006144,3239,16213
1970,827933404142436352,5624,21179
1971,828011680017821696,2315,10892
1972,828046555563323392,3086,12367
1973,828361771580813312,183,2307
1974,828372645993398272,3177,13201
1975,828376505180889088,1146,7761
1976,828381636999917568,2397,13275
1977,828408677031882752,1384,8050
1978,828409743546925056,1239,6617
1979,828650029636317184,1449,9985
1980,828708714936930304,12091,38472
1981,828770345708580864,6313,26875
1982,828801551087042560,3658,0
1983,829011960981237760,17459,55691
1984,829141528400556032,7973,25727
1985,829374341691346944,10006,36351
1986,829449946868879360,2182,10990
1987,829501995190984704,11420,33353
1988,829861396166877184,2101,12843
1989,829878982036299776,5395,0
1990,830097400375152640,3218,10326
1991,830173239259324416,6125,0
1992,830583320585068544,18062,70229
1993,830956169170665472,1604,8363
1994,831262627380748288,2201,12503
1995,831309418084069376,2623,12312
1996,831315979191906304,1196,6855
1997,831322785565769728,1642,9677
1998,831552930092285952,2460,9434
1999,831650051525054464,2077,7531
2000,831670449226514432,1943,10967
2001,831911600680497152,6998,29005
2002,831926988323639296,35,358
2003,831939777352105984,6570,25154
2004,832032802820481024,4974,18687
2005,832040443403784192,10409,0
2006,832088576586297344,2,69
2007,832215726631055360,10062,0
2008,832215909146226688,6643,0
2009,832273440279240704,2501,11852
2010,832369877331693568,3417,17996
2011,832397543355072512,2385,12512
2012,832636094638288896,2988,16596
2013,832645525019123712,555,3058
2014,832682457690300416,3142,12437
2015,832757312314028032,3878,17635
2016,832769181346996224,40,0
2017,832998151111966720,2372,13920
2018,833124694597443584,5176,21144
2019,833479644947025920,2215,15561
2020,833722901757046784,3433,21699
2021,833732339549220864,230,0
2022,833826103416520704,3994,18830
2023,833863086058651648,2571,14031
2024,834086379323871232,2371,13676
2025,834089966724603904,2274,10512
2026,834167344700198912,3890,16502
2027,834209720923721728,5122,21568
2028,834458053273591808,1793,10054
2029,834477809192075264,11420,0
2030,834574053763584000,2708,14311
2031,834786237630337024,5874,22176
2032,834931633769889792,1764,11312
2033,835152434251116544,3227,23493
2034,835172783151792128,6131,27319
2035,835246439529840640,77,2189
2036,835264098648616960,1819,8086
2037,835297930240217088,3206,17178
2038,835309094223372288,22458,0
2039,835536468978302976,1819,0
2040,835574547218894848,3868,18622
2041,835685285446955008,8704,0
2042,836001077879255040,4581,19967
2043,836260088725786624,4580,22209
2044,836380477523124224,3162,15396
2045,836397794269200384,29510,0
2046,836648853927522304,581,0
2047,836677758902222848,2370,13175
2048,836753516572119040,4923,20090
2049,836989968035819520,2454,13281
2050,837110210464448512,2549,16731
2051,837366284874571776,5644,22082
2052,837471256429613056,2443,13339
2053,837482249356513280,469,4001
2054,837820167694528512,8368,35689
2055,838083903487373312,3362,18382
2056,838085839343206400,0,147
2057,838150277551247360,353,1753
2058,838201503651401728,10739,0
2059,838476387338051584,5118,23554
2060,838561493054533632,1409,11383
2061,838831947270979584,11767,0
2062,838916489579200512,36,0
2063,838921590096166912,2209,11647
2064,838952994649550848,4229,20440
2065,839239871831150592,6955,28356
2066,839290600511926272,151,0
2067,839549326359670784,8271,28685
2068,839990271299457024,2436,13982
2069,840268004936019968,6094,20074
2070,840370681858686976,4824,17133
2071,840632337062862848,1860,9343
2072,840696689258311680,1041,12788
2073,840698636975636480,2,185
2074,840728873075638272,17153,0
2075,840761248237133824,1860,0
2076,841077006473256960,5624,23792
2077,841314665196081152,4981,16458
2078,841320156043304960,5772,20555
2079,841439858740625408,3901,13124
2080,841680585030541312,8219,26654
2081,841833993020538880,16233,0
2082,842115215311396864,3211,14555
2083,842163532590374912,6143,25415
2084,842535590457499648,3711,18777
2085,842765311967449088,1351,7000
2086,842846295480000512,3811,15795
2087,843235543001513984,6397,22320
2088,843604394117681152,2915,17520
2089,843856843873095680,4896,22225
2090,843981021012017152,3093,15694
2091,844223788422217728,2325,14136
2092,844580511645339648,3318,17084
2093,844704788403113984,10920,40126
2094,844973813909606400,3392,15660
2095,844979544864018432,2720,14096
2096,845098359547420672,8073,0
2097,845306882940190720,5681,24147
2098,845397057150107648,1903,7898
2099,845677943972139008,5042,25998
2100,845812042753855488,9202,30309
2101,846042936437604352,3049,16542
2102,846139713627017216,10417,31944
2103,846153765933735936,9552,32774
2104,846505985330044928,3240,14572
2105,846514051647705088,12202,46120
2106,846874817362120704,4121,20742
2107,847116187444137984,3366,22105
2108,847157206088847360,6158,20589
2109,847251039262605312,4506,21110
2110,847606175596138496,3568,19384
2111,847617282490613760,443,7230
2112,847842811428974592,1406,5642
2113,847962785489326080,5347,24258
2114,847971574464610304,448,0
2115,847978865427394560,3417,0
2116,848212111729840128,3212,16821
2117,848213670039564288,779,8424
2118,848324959059550208,4814,25507
2119,848690551926992896,4527,25949
2120,849051919805034496,8910,43691
2121,849336543269576704,1974,11745
2122,849412302885593088,3286,16330
2123,849668094696017920,5176,0
2124,849776966551130112,7942,31301
2125,850019790995546112,5106,21015
2126,850145622816686080,3995,16768
2127,850333567704068096,350,3529
2128,850380195714523136,2732,13405
2129,850753642995093504,9670,31781
2130,851224888060895232,5954,21208
2131,851464819735769088,7374,24845
2132,851591660324737024,3610,16593
2133,851861385021730816,23,0
2134,851953902622658560,10006,0
2135,852189679701164032,1650,11721
2136,852226086759018496,7066,20452
2137,852311364735569920,10260,33840
2138,852553447878664192,3649,16710
2139,852672615818899456,2242,15230
2140,852912242202992640,1902,9250
2141,852936405516943360,2077,0
2142,853299958564483072,3697,15834
2143,853639147608842240,10488,35474
2144,853760880890318848,5983,29104
2145,854010172552949760,3254,16480
2146,854120357044912128,7720,32499
2147,854365224396361728,4839,19191
2148,854482394044301312,7074,29765
2149,854732716440526848,6285,23160
2150,855138241867124736,47,0
2151,855245323840757760,6143,0
2152,855459453768019968,8425,30297
2153,855818117272018944,5580,26949
2154,855851453814013952,18182,46012
2155,855857698524602368,2164,11978
2156,855860136149123072,1052,5089
2157,855862651834028032,27,347
2158,856282028240666624,6472,28010
2159,856288084350160896,17,524
2160,856330835276025856,693,0
2161,856526610513747968,1928,11961
2162,856543823941562368,2943,16407
2163,856602993587888128,10920,0
2164,857029823797047296,4087,19101
2165,857062103051644928,175,0
2166,857214891891077120,18,228
2167,857263160327368704,4596,20172
2168,857393404942143488,1675,5954
2169,857746408056729600,10831,34503
2170,857989990357356544,2629,16243
2171,858107933456039936,2952,15820
2172,858471635011153920,4920,21632
2173,858843525470990336,3531,15611
2174,858860390427611136,8271,0
2175,859074603037188096,13811,34033
2176,859196978902773760,30594,90315
2177,859607811541651456,1596,18657
2178,859851578198683648,3552,15446
2179,859924526012018688,4132,19602
2180,860177593139703808,31224,0
2181,860184849394610176,5916,16724
2182,860276583193509888,3513,18343
2183,860524505164394496,5337,23673
2184,860563773140209664,2180,7530
2185,860924035999428608,827,0
2186,860981674716409856,2180,0
2187,861005113778896896,3831,16726
2188,861288531465048064,4191,17199
2189,861383897657036800,10795,36122
2190,862096992088072192,23455,74518
2191,862457590147678208,4991,20520
2192,862722525377298432,3547,17045
2193,862831371563274240,5126,19150
2194,863062471531167744,2456,8512
2195,863079547188785152,1112,8752
2196,863427515083354112,97,2258
2197,863432100342583296,5271,23767
2198,863471782782697472,2456,0
2199,863553081350529024,4198,15259
2200,863907417377173504,4155,20546
2201,864197398364647424,8952,30051
2202,864279568663928832,3036,14576
2203,864873206498414592,8721,32148
2204,865006731092295680,7691,27873
2205,865359393868664832,5002,26342
2206,865718153858494464,5617,25505
2207,866094527597207552,8368,0
2208,866334964761202688,14426,52231
2209,866450705531457536,35251,121440
2210,866686824827068416,3473,19180
2211,866720684873056256,4800,19928
2212,867051520902168576,7845,31991
2213,867072653475098624,121,0
2214,867421006826221568,2497,15984
2215,867774946302451712,7311,33668
2216,867900495410671616,4167,23982
2217,868552278524837888,2085,10033
2218,868622495443632128,5269,26476
2219,868639477480148992,2085,0
2220,868880397819494400,14384,64899
2221,869227993411051520,3766,20219
2222,869596645499047936,3116,15792
2223,869702957897576448,6296,27889
2224,869772420881756160,9947,41896
2225,870063196459192320,8272,36178
2226,870308999962521600,4113,21551
2227,870374049280663552,25968,81644
2228,870656317836468224,2611,12247
2229,870726314365509632,3,117
2230,870804317367881728,6140,33148
2231,871032628920680448,3772,22353
2232,871102520638267392,5441,20626
2233,871166179821445120,5624,0
2234,871515927908634624,3414,19901
2235,871762521631449088,3430,19942
2236,871879754684805120,10992,37326
2237,872122724285648896,8013,33849
2238,872261713294495744,6230,33644
2239,872486979161796608,8888,40003
2240,872620804844003328,3635,20431
2241,872820683541237760,3630,14466
2242,872967104147763200,5322,26850
2243,873213775632977920,1557,7097
2244,873337748698140672,1557,0
2245,873580283840344064,3864,23764
2246,874012996292530176,10204,33914
2247,874057562936811520,3884,22267
2248,874296783580663808,4025,25559
2249,874434818259525632,14426,0
2250,874680097055178752,4551,27297
2251,875021211251597312,4619,24981
2252,875097192612077568,5931,26867
2253,875144289856114688,4830,21509
2254,875747767867523072,4203,24704
2255,876120275196170240,4582,27381
2256,876484053909872640,2345,18393
2257,876537666061221888,4540,23054
2258,876838120628539392,3264,20286
2259,877201837425926144,5454,26572
2260,877316821321428992,5066,26827
2261,877556246731214848,3716,22263
2262,877611172832227328,78,0
2263,877736472329191424,18648,78086
2264,878057613040115712,6647,41153
2265,878281511006478336,1253,7584
2266,878316110768087040,6490,0
2267,878404777348136960,1253,0
2268,878604707211726848,7031,29622
2269,878776093423087616,4031,19007
2270,879008229531029504,2631,18581
2271,879050749262655488,4595,22071
2272,879130579576475648,6647,0
2273,879376492567855104,3037,16435
2274,879415818425184256,43228,103622
2275,879492040517615616,3101,22930
2276,879674319642796032,10,302
2277,879862464715927552,3411,21871
2278,880095782870896640,4236,27032
2279,880221127280381952,4111,26461
2280,880465832366813184,6122,27917
2281,880872448815771648,3731,20826
2282,880935762899988480,2711,16668
2283,881268444196462592,5048,22599
2284,881536004380872704,15555,48360
2285,881633300179243008,7,124
2286,881666595344535552,10403,49510
2287,881906580714921984,3310,23798
2288,882045870035918848,4834,28726
2289,882268110199369728,11295,43971
2290,882627270321602560,5931,27333
2291,882762694511734784,4775,27689
2292,882992080364220416,3820,23439
2293,883117836046086144,6486,36357
2294,883360690899218432,3606,22201
2295,883482846933004288,9669,44919
2296,883838122936631296,3362,21430
2297,884162670584377344,2902,19922
2298,884247878851493888,19970,71407
2299,884441805382717440,5508,26423
2300,884562892145688576,4562,23773
2301,884876753390489600,5460,27317
2302,884925521741709312,17765,75718
2303,885167619883638784,4273,21443
2304,885311592912609280,18062,0
2305,885518971528720384,3652,19996
2306,885528943205470208,6253,35184
2307,885984800019947520,6582,31930
2308,886054160059072512,104,0
2309,886258384151887872,6123,27393
2310,886267009285017600,4,116
2311,886366144734445568,3115,20740
2312,886680336477933568,4344,21952
2313,886736880519319552,3187,11802
2314,886983233522544640,7559,34373
2315,887101392804085760,5801,29914
2316,887343217045368832,10143,32949
2317,887473957103951872,17683,67490
2318,887517139158093824,11375,45257
2319,887705289381826560,5242,29531
2320,888078434458587136,3397,21278
2321,888554962724278272,3445,19389
2322,888804989199671296,4169,25011
2323,888917238123831296,4382,28487
2324,889278841981685760,5216,24682
2325,889531135344209920,2187,14789
2326,889638837579907072,4403,26548
2327,889665388333682688,9765,47064
2328,889880896479866880,4838,27205
2329,890006608113172480,7130,30002
2330,890240255349198848,7179,31227
2331,890609185150312448,4165,27217
2332,890729181411237888,18349,63913
2333,890971913173991424,2002,11576
2334,891087950875897856,3028,19811
2335,891327558926688256,9110,39398
2336,891689557279858688,8412,41231
2337,891815181378084864,4043,24503
2338,892177421306343424,6108,32542
2339,892420643555336192,8264,37871
